name,MW,PSA,alpha,omega,y,oof_pred,residual,leverage,std_residual,inside_AD
MRTX1133,600.65,86.64,185.18,71.0066,-35.03,-27.993160946803677,-7.036839053196324,0.18700761446792447,-1.3564549358504276,True
BI-2865,465.58,126.98,143.19,52.1383,-21.25,-19.61054572039262,-1.6394542796073814,0.04799327368165638,-0.3160290910255235,True
RMC-6236,811.07,134.16,245.15,29.4718,-29.51,-22.3893910993454,-7.120608900654602,0.14708578652996424,-1.3726028144932687,True
HRS-4642,632.69,95.87,194.32,41.0183,-21.63,-20.485213959399715,-1.1447860406002839,0.07362132207842471,-0.22067446242920336,True
JDQ-443,526.04,84.63,167.42,27.3875,-19.83,-17.6317058320396,-2.1982941679603982,0.16610624824091602,-0.4237537553493762,True
Sotorasib,560.61,104.45,173.77,63.1932,-21.02,-26.07802756901302,5.058027569013021,0.10838912748730797,0.9750097181118281,True
Adagrasib,604.13,88.83,182.68,44.6063,-26.67,-20.715717471299385,-5.954282528700617,0.1019082233105648,-1.1477761342054928,True
BI-2852,516.61,99.9,168.23,22.8149,-11.94,-17.071694646670004,5.131694646670004,0.3663913219105569,0.9892101382638427,True
MRTX1719,464.89,122.61,146.49,39.1488,-21.06,-19.31727314563228,-1.7427268543677172,0.09493442061892104,-0.335936409171163,True
RMC-7977,865.11,143.39,260.56,26.426,-30.77,-24.687771814862206,-6.082228185137794,0.19556283288200282,-1.1724395542272994,True
Trametinib,615.4,107.13,189.39,33.9954,-18.4,-20.689738600852436,2.289738600852438,0.06212174508645612,0.4413810239872894,True
Cobimetinib,531.32,64.6,158.43,31.1818,-13.47,-18.39205114362702,4.922051143627021,0.18525085333280705,0.9487982484477101,True
Selumetinib,457.69,88.41,140.94,36.5886,-10.53,-17.88331796692826,7.353317966928261,0.04645760544023227,1.4174609331993755,True
Binimetinib,441.23,88.41,136.25,35.2308,-9.42,-17.25148924745723,7.831489247457229,0.04755293379633132,1.5096355287460534,True
Erlotinib,393.44,74.73,122.63,36.0387,-17.76,-15.68746625181863,-2.072533748181371,0.06560021658872606,-0.39951157205453486,True
Larotrectinib,428.44,86.0,132.61,33.9193,-12.29,-16.642904871261628,4.352904871261629,0.05161275469183079,0.839086875978528,True
Abemaciclib,506.61,75.0,158.38,54.6421,-18.0,-22.301196309833465,4.301196309833465,0.10772400067690557,0.8291192850126528,True
Palbociclib,447.54,105.04,138.05,47.2716,-20.3,-19.54796099011499,-0.75203900988501,0.042410570772058884,-0.1449666560793699,True
Gemcitabine,263.2,110.6,78.51,27.3769,-12.23,-12.881644671821707,0.6516446718217068,0.11039799045037121,0.12561416068080777,True
5-Fluorouracil,130.08,65.72,40.57,26.6554,-4.98,-9.832658349874208,4.852658349874208,0.17839659285220874,0.9354217598159716,True
Capecitabine,359.35,122.91,105.92,33.0803,-11.14,-15.837634140626976,4.697634140626976,0.09298659140507885,0.9055385477345185,True
Irinotecan,586.69,114.2,177.71,63.102,-18.7,-26.803871280109128,8.103871280109129,0.11076058667356886,1.5621411992373824,True
Paclitaxel,853.92,221.29,253.87,34.1578,-30.28,-30.459220471660856,0.1792204716608552,0.2645360066082672,0.03454739998343206,True
Methotrexate,454.45,210.54,140.02,102.1812,-39.17,-31.833746659396287,-7.336253340603715,0.5115089298141974,-1.4141714737657596,False
Etoposide,588.56,160.83,174.74,20.1176,-16.58,-19.86778755401508,3.2877875540150825,0.13033967877916539,0.6337697397875869,True
Doxorubicin,543.53,206.07,161.9,60.1916,-17.08,-27.404935197786784,10.324935197786786,0.16518655039461938,1.990284161041328,True
Topotecan,421.45,104.89,130.61,38.9488,-16.1,-17.89421020878099,1.7942102087809886,0.04231222282459528,0.3458605881498335,True
Dacarbazine,182.19,99.73,55.42,41.202,-23.14,-15.601968180316145,-7.538031819683855,0.12784474677698454,-1.453067263740141,True
Hydroxyurea,76.05,75.35,21.68,13.9952,-7.51,-5.89590221512087,-1.6140977848791298,0.2765998001025665,-0.31114125116305297,True
Mitomycin C,334.33,146.89,95.28,64.3216,-23.44,-18.877458266785343,-4.562541733214658,0.24999413718525906,-0.8794974856262244,True
Leucovorin,473.45,219.84,141.93,26.4468,-20.81,-22.155898691052812,1.3458986910528132,0.25818363614195944,0.2594419040753757,True
Pemetrexed,427.42,191.26,132.31,29.5533,-17.8,-19.48179337705446,1.6817933770544577,0.22828562530379126,0.32419057905692195,True
Trabectedin,761.85,168.72,227.63,26.0761,-32.47,-24.013489163658853,-8.456510836341145,0.15493605309375166,-1.6301176959301338,True
