study,name,ours_formula,pubchem_formula,skeleton_match,verdict
KRAS,MRTX1133,C33H31F3N6O2,C33H31F3N6O2,True,OK
KRAS,BI-2865,C23H27N7O2S,C23H27N7O2S,True,OK
KRAS,RMC-6236,C44H58N8O5S,C44H58N8O5S,True,OK
KRAS,HRS-4642,C34H35F3N6O3,C34H35F3N6O3,True,OK
KRAS,JDQ-443,C29H28ClN7O,C29H28ClN7O,True,OK
KRAS,Sotorasib,C30H30F2N6O3,C30H30F2N6O3,True,OK
KRAS,Adagrasib,C32H35ClFN7O2,C32H35ClFN7O2,True,OK
KRAS,BI-2852,C31H28N6O2,C31H28N6O2,True,OK
KRAS,MRTX1719,C23H18ClFN6O2,C23H18ClFN6O2,True,OK
KRAS,RMC-7977,C47H60N8O6S,C47H60N8O6S,True,OK
KRAS,Trametinib,C26H23FIN5O4,C26H23FIN5O4,True,OK
KRAS,Cobimetinib,C21H21F3IN3O2,C21H21F3IN3O2,True,OK
KRAS,Selumetinib,C17H15BrClFN4O3,ERR,False,OK
KRAS,Binimetinib,C17H15BrF2N4O3,C17H15BrF2N4O3,True,OK
KRAS,Erlotinib,C22H23N3O4,C22H23N3O4,True,OK
KRAS,Larotrectinib,C21H22F2N6O2,C21H22F2N6O2,True,OK
KRAS,Abemaciclib,C27H32F2N8,C27H32F2N8,True,OK
KRAS,Palbociclib,C24H29N7O2,C24H29N7O2,True,OK
KRAS,Gemcitabine,C9H11F2N3O4,C9H11F2N3O4,True,OK
KRAS,5-Fluorouracil,C4H3FN2O2,C4H3FN2O2,True,OK
KRAS,Capecitabine,C15H22FN3O6,C15H22FN3O6,True,OK
KRAS,Irinotecan,C33H38N4O6,C33H38N4O6,True,OK
KRAS,Paclitaxel,C47H51NO14,C47H51NO14,True,OK
KRAS,Methotrexate,C20H22N8O5,C20H22N8O5,True,OK
KRAS,Etoposide,C29H32O13,C29H32O13,True,OK
KRAS,Doxorubicin,C27H29NO11,C27H29NO11,True,OK
KRAS,Topotecan,C23H23N3O5,C23H23N3O5,True,OK
KRAS,Dacarbazine,C6H10N6O,C6H10N6O,True,OK
KRAS,Hydroxyurea,CH4N2O2,CH4N2O2,True,OK
KRAS,Mitomycin C,C15H18N4O5,NOT_FOUND,False,OK
KRAS,Leucovorin,C20H23N7O7,NOT_FOUND,False,OK
KRAS,Pemetrexed,C20H21N5O6,NOT_FOUND,False,OK
KRAS,Trabectedin,C39H43N3O11S,NOT_FOUND,False,OK
TNBC,Olaparib,C24H23FN4O3,C24H23FN4O3,True,OK
TNBC,Talazoparib,C17H11F4N3O,C19H14F2N6O,False,WRONG STRUCTURE
TNBC,Rucaparib,C21H20FN3O,C19H18FN3O,False,WRONG STRUCTURE
TNBC,Niraparib,C22H23N3O,C19H20N4O,False,WRONG STRUCTURE
TNBC,Veliparib,C14H18N4O,C13H16N4O,False,WRONG STRUCTURE
TNBC,Pamiparib,C16H15FN4O,C16H15FN4O,True,OK
TNBC,Cisplatin,H6Cl2N2Pt,Cl2H6N2Pt,True,OK
TNBC,Carboplatin,C6H12N2O4Pt,C6H12N2O4Pt,False,WRONG STRUCTURE
TNBC,Oxaliplatin,C9H14N2O5Pt,C8H14N2O4Pt,False,WRONG STRUCTURE
TNBC,Paclitaxel,C47H51NO14,C47H51NO14,True,OK (stereo differs)
TNBC,Docetaxel,C39H47NO10,C43H53NO14,False,WRONG STRUCTURE
TNBC,Cabazitaxel,C40H49NO10,C45H57NO14,False,WRONG STRUCTURE
TNBC,Eribulin,C37H53NO11,C40H59NO11,False,WRONG STRUCTURE
TNBC,Doxorubicin,C27H29NO11,C27H29NO11,False,WRONG STRUCTURE
TNBC,Epirubicin,C27H29NO11,C27H29NO11,False,WRONG STRUCTURE
TNBC,Etoposide,C28H29O12,C29H32O13,False,WRONG STRUCTURE
TNBC,SN-38,C22H20N2O5,C22H20N2O5,True,OK (stereo differs)
TNBC,Exatecan,C20H19FN2O4,C24H22FN3O4,False,WRONG STRUCTURE
TNBC,Topotecan,C24H24N2O5,C23H23N3O5,False,WRONG STRUCTURE
TNBC,Alpelisib,C19H23N5OS,C19H22F3N5O2S,False,WRONG STRUCTURE
TNBC,Abemaciclib,C25H30FN9,ERR,False,WRONG STRUCTURE
TNBC,Palbociclib,C23H29N7O,C24H29N7O2,False,WRONG STRUCTURE
TNBC,Ribociclib,C23H30N8O,C23H30N8O,True,OK
TNBC,Capivasertib,C24H22ClN3,C21H25ClN6O2,False,WRONG STRUCTURE
TNBC,Ipatasertib,C23H19ClF3N3O,C24H32ClN5O2,False,WRONG STRUCTURE
TNBC,Cobimetinib,C23H16F6I2N2O2,C21H21F3IN3O2,False,WRONG STRUCTURE
TNBC,Trametinib,C27H20F2IN3O3,C26H23FIN5O4,False,WRONG STRUCTURE
TNBC,Selumetinib,C16H14ClF2IN2O4,C17H15BrClFN4O3,False,WRONG STRUCTURE
TNBC,Everolimus,C42H67NO10,C53H83NO14,False,WRONG STRUCTURE
TNBC,Erlotinib,C22H23N3O4,C22H23N3O4,True,OK
TNBC,Lapatinib,C27H25Cl2FN4O4S,C29H26ClFN4O4S,False,WRONG STRUCTURE
TNBC,Gefitinib,C22H24ClFN4O3,C22H24ClFN4O3,True,OK
TNBC,Osimertinib,C28H33N7O2,C28H33N7O2,True,OK
GBM,Temozolomide,C5H6N6O2,C6H6N6O2,False,WRONG STRUCTURE
GBM,Lomustine,C9H16ClN3O2,C9H16ClN3O2,True,OK
GBM,Carmustine,C5H9Cl2N3O2,C5H9Cl2N3O2,True,OK
GBM,Nimustine,C9H12ClN5O2,C9H13ClN6O2,False,WRONG STRUCTURE
GBM,Procarbazine,C12H19N3O,C12H19N3O,True,OK
GBM,Osimertinib,C28H33N7O2,C28H33N7O2,True,OK
GBM,Gefitinib,C22H24ClFN4O3,C22H24ClFN4O3,True,OK
GBM,Erlotinib,C22H23N3O4,C22H23N3O4,True,OK
GBM,Afatinib,C24H25ClFN5O3,C24H25ClFN5O3,True,OK
GBM,Dacomitinib,C24H25ClFN5O2,C24H25ClFN5O2,True,OK
GBM,Brigatinib,C24H30ClN6O2P,C29H39ClN7O2P,False,WRONG STRUCTURE
GBM,Regorafenib,C21H15ClF4N4O3,C21H15ClF4N4O3,True,OK
GBM,Sorafenib,C21H16ClF3N4O3,C21H16ClF3N4O3,True,OK
GBM,Sunitinib,C22H27FN4O2,C22H27FN4O2,True,OK
GBM,Cabozantinib,C28H23F2N3O5,C28H24FN3O5,False,WRONG STRUCTURE
GBM,Lenvatinib,C21H19ClN4O4,C21H19ClN4O4,True,OK
GBM,Pazopanib,C20H23N9O2S,C21H23N7O2S,False,WRONG STRUCTURE
GBM,Axitinib,C22H18N4OS,C22H18N4OS,True,OK
GBM,Cediranib,C24H27FN6O2,C25H27FN4O3,False,WRONG STRUCTURE
GBM,Abemaciclib,C25H30FN9,C27H32F2N8,False,WRONG STRUCTURE
GBM,Palbociclib,C23H29N7O,C24H29N7O2,False,WRONG STRUCTURE
GBM,Ribociclib,C23H30N8O,C23H30N8O,True,OK
GBM,Cobimetinib,C23H16F6I2N2O2,C21H21F3IN3O2,False,WRONG STRUCTURE
GBM,Trametinib,C27H20F2IN3O3,C26H23FIN5O4,False,WRONG STRUCTURE
GBM,Selumetinib,C16H14ClF2IN2O4,C17H15BrClFN4O3,False,WRONG STRUCTURE
GBM,Dabrafenib,C24H21F3N4O2S2,C23H20F3N5O2S2,False,WRONG STRUCTURE
GBM,Everolimus,C10H18O3,C53H83NO14,False,WRONG STRUCTURE
GBM,Vorinostat,C14H20N2O3,C14H20N2O3,True,OK
GBM,Bortezomib,C19H25BN4O4,C19H25BN4O4,True,OK
GBM,Marizomib,C7H11NO2,C15H20ClNO4,False,WRONG STRUCTURE
GBM,Larotrectinib,C16H15FN6O2,C21H22F2N6O2,False,WRONG STRUCTURE
GBM,Paxalisib,C19H28N8O2,C18H22N8O2,False,WRONG STRUCTURE
GBM,Buparlisib,C18H22FN5O2,C18H21F3N6O2,False,WRONG STRUCTURE
Tau,Methylene Blue,C16H18N3S+,C16H18ClN3S,False,OK (salt/charge form)
Tau,Hydromethylthionine,C16H19N3S,C16H19N3S,True,OK
Tau,Azure A,C15H16N3S+,C14H14ClN3S,False,WRONG STRUCTURE
Tau,Toluidine Blue O,C15H16N3S+,C15H16ClN3S,False,WRONG STRUCTURE
Tau,Thioflavin-T,C14H12N2S,C17H19ClN2S,False,WRONG STRUCTURE
Tau,Thioflavin-S,C14H12N2S,C25H24ClN3O3S3,False,WRONG STRUCTURE
Tau,Congo Red,C32H24N6O6S2,C32H22N6Na2O6S2,False,WRONG STRUCTURE
Tau,Chrysamine G,C26H18N4O6,C26H18N4O6,True,OK
Tau,FDDNP,C16H17N3,C18H16FN3,False,WRONG STRUCTURE
Tau,Curcumin,C21H20O6,C21H20O6,True,OK
Tau,EGCG,C22H18O12,C22H18O11,False,WRONG STRUCTURE
Tau,Resveratrol,C14H12O3,C14H12O3,True,OK
Tau,Quercetin,C15H10O7,C15H10O7,True,OK
Tau,Myricetin,C15H10O8,C15H10O8,True,OK
Tau,Baicalein,C15H10O5,C15H10O5,True,OK
Tau,Rosmarinic Acid,C18H16O9,C18H16O8,False,WRONG STRUCTURE
Tau,Fisetin,C15H10O6,C15H10O6,False,WRONG STRUCTURE
Tau,Apigenin,C15H10O5,C15H10O5,True,OK
Tau,Luteolin,C15H10O6,C15H10O6,True,OK
Tau,Honokiol,C18H18O2,C18H18O2,False,WRONG STRUCTURE
Tau,Anle138b,C15H10Br2N2,C16H11BrN2O2,False,WRONG STRUCTURE
Tau,Tideglusib,C19H14N2O2S,C19H14N2O2S,False,WRONG STRUCTURE
Tau,AZD1080,C13H10F4N4,C19H18N4O2,False,WRONG STRUCTURE
Tau,Bexarotene,C24H28O2,C24H28O2,True,OK
Tau,Donepezil,C24H29NO3,C24H29NO3,True,OK
Tau,Rivastigmine,C14H22N2O2,C14H22N2O2,True,OK (stereo differs)
Tau,Galantamine,C17H19NO3,C17H21NO3,False,WRONG STRUCTURE
Tau,Memantine,C12H21N,C12H21N,True,OK
Tau,Tacrine,C13H14N2,C13H14N2,True,OK
